{
    "Ellipse fit error": 0.33316471780544843,
    "OCR numbers mean lack of confidence": 0.00026929378509521484,
    "Needle line residual variance": 26.589455014621688,
    "Mean residual on fitted angle line": 33.57313140683065
}